Short Desc,Type,Material,Size,Length,Trade Size:,Type:,Conduit Type:,Length:,Style:,Color:,Trade Size:.1,Jacket:,Core:,Weight:,Temperature:,End Type:,Ground:,Throat:,Angle:,Outside Diameter:,Application:,Package:,SKU,Manufacturer Series,PDF Link
"Fire Alarm EMT Conduit, 3/4 in. Trade, 10 ft L, Galvanized Steel, Red, Standard End",EMT,Galvanized Steel,0.75,10 ft.,3/4 in.,EMT - Thinwall Conduit,0,10 ft.,0,Red,3/4 in.,0,0,0,0,Standard End,0,0.0,0.0,0,0.0,0.0,78001098401.0,,
"EMT Conduit, 3/4 in. Trade, 10 ft L, Galvanized Steel, Blue, Standard End, 46 lb/100 ft",EMT,Galvanized Steel,0.75,10 ft.,3/4 in.,EMT - Thinwall Conduit,0,10 ft.,0,Blue,3/4 in.,0,0,46 lb. / 100 ft.,0,Standard End,0,0.0,0.0,0,0.0,0.0,78001098979.0,,
"Conduit, EMT; Electroplated Steel; White; 3/4 in. x 10 ft.",EMT,Galvanized Steel,0.75,10 ft.,3/4 in.,EMT Conduit,0,10 ft.,0,White,3/4 in.,0,0,0,0,0,0,0.0,0.0,0,0.0,0.0,78001002412.0,,
"Kwik-Fit    Conduit, EMT-Thinwall, 2 in. Trade",EMT,Galvanized Steel,2.0,10 ft.,2 in.,EMT - Thinwall Conduit,0,10 ft.,0,Silver,2 in.,0,0,148 lb. / 100 ft.,0,Integral Set-Screw Coupling,0,0.0,0.0,0,0.0,0.0,9111103026.0,E-Z PULL,
"EMT Conduit, 3 in. Trade, 10 ft L, Galvanized Steel, Silver, Integral Compression Coupling",EMT,Galvanized Steel,3.0,10 ft.,3 in.,EMT - Thinwall Conduit,0,10 ft.,0,Silver,3 in.,0,0,263 lb. / 100 ft.,0,Integral Compression Coupling,0,0.0,0.0,0,0.0,0.0,78001093165.0,E-Z PULL,http://www.alliedeg.us/e_documents/Allied_Kwik-Fit_and_Kwik-Fit_Compression_EMT.pdf
"EMT Conduit, 3/4 in. Trade, 10 ft L, Galvanized Steel, White, 46 lb/100 ft",EMT,Galvanized Steel,0.75,10 ft.,3/4 in.,EMT - Thinwall Conduit,0,10 ft.,0,White,3/4 in.,0,0,46 lb. / 100 ft.,0,0,0,0.0,0.0,0,0.0,0.0,78001098967.0,,
"EMT Conduit, 2-1/2 in. Trade, 10 ft L, Galvanized Steel, Silver, Integral Compression Coupling",EMT,Galvanized Steel,2.5,10 ft.,2-1/2 in.,EMT - Thinwall Conduit,0,10 ft.,0,Silver,2-1/2 in.,0,0,216 lb. / 100 ft.,0,Integral Compression Coupling,0,0.0,0.0,0,0.0,0.0,78001095225.0,E-Z PULL,http://www.alliedeg.us/e_documents/Allied_Kwik-Fit_and_Kwik-Fit_Compression_EMT.pdf
"EMT Conduit, 1-1/4 in. Trade, 10 ft L, Galvanized Steel, Silver, Integral Compression Coupling",EMT,Galvanized Steel,1.25,10 ft.,1-1/4 in.,EMT - Thinwall Conduit,0,10 ft.,0,Silver,1-1/4 in.,0,0,101 lb. / 100 ft.,0,Integral Compression Coupling,0,0.0,0.0,0,0.0,0.0,78001095015.0,E-Z PULL,http://www.alliedeg.us/e_documents/Allied_Kwik-Fit_and_Kwik-Fit_Compression_EMT.pdf
"EMT Conduit, 2-1/2 in. Trade, 10 ft L, Galvanized Steel, Silver, Integral Compression Coupling",EMT,Galvanized Steel,2.5,10 ft.,2-1/2 in.,EMT - Thinwall Conduit,0,10 ft.,0,Silver,2-1/2 in.,0,0,216 lb. / 100 ft.,0,Integral Compression Coupling,0,0.0,0.0,0,0.0,0.0,78001093170.0,E-Z PULL,http://www.alliedeg.us/e_documents/Allied_Kwik-Fit_and_Kwik-Fit_Compression_EMT.pdf
"EMT Conduit, 2 in. Trade, 10 ft L, Galvanized Steel, Silver, Integral Compression Coupling",EMT,Galvanized Steel,2.0,10 ft.,2 in.,EMT - Thinwall Conduit,0,10 ft.,0,Silver,2 in.,0,0,148 lb. / 100 ft.,0,Integral Compression Coupling,0,0.0,0.0,0,0.0,0.0,78001098996.0,E-Z PULL,http://www.alliedeg.us/e_documents/Allied_Kwik-Fit_and_Kwik-Fit_Compression_EMT.pdf
"EMT Conduit, 3/4 in., 10 ft L, Steel, Red, 4.6 lb",EMT,Galvanized Steel,0.75,10 ft.,3/4 in.,EMT Conduit,0,10 ft.,0,Red,3/4 in.,0,0,4.6 lb.,0,0,0,0.0,0.0,0,0.0,0.0,9111150012.0,,
"Kwik-Fit    Conduit, EMT-Thinwall, 3 in. Trade",EMT,Galvanized Steel,3.0,10 ft.,3 in.,EMT - Thinwall Conduit,0,10 ft.,0,Silver,3 in.,0,0,263 lb. / 100 ft.,0,Integral Set-Screw Coupling,0,0.0,0.0,0,0.0,0.0,9111103028.0,E-Z PULL,
"Fire Alarm EMT Conduit, 3/4 in. Trade, 10 ft L, Galvanized Steel, Red, Standard End",EMT,Galvanized Steel,0.75,10 ft.,3/4 in.,EMT - Thinwall Conduit,0,10 ft.,0,Red,3/4 in.,0,0,46 lb. / 100 ft.,0,Standard End,0,0.0,0.0,0,0.0,0.0,78001002012.0,,
"EMT Conduit, 1 in. Trade, 10 ft L, Galvanized Steel, Blue, Standard End, 67 lb/100 ft",EMT,Galvanized Steel,1.0,10 ft.,1 in.,EMT - Thinwall Conduit,0,10 ft.,0,Blue,1 in.,0,0,67 lb. / 100 ft.,0,0,0,0.0,0.0,0,0.0,0.0,78001095231.0,,
"Fire Alarm EMT Conduit, 1 in. Trade, 10 ft L, Galvanized Steel, Red, Standard End",EMT,Galvanized Steel,1.0,10 ft.,1 in.,EMT - Thinwall Conduit,0,10 ft.,0,Red,1 in.,0,0,67 lb. / 100 ft.,0,Standard End,0,0.0,0.0,0,0.0,0.0,78001002013.0,,
"EMT Conduit, 4 in. Trade, 10 ft L, Galvanized Steel, Silver, Integral Compression Coupling",EMT,Galvanized Steel,4.0,10 ft.,4 in.,EMT - Thinwall Conduit,0,10 ft.,0,Silver,4 in.,0,0,393 lb. / 100 ft.,0,Integral Compression Coupling,0,0.0,0.0,0,0.0,0.0,78001092132.0,E-Z PULL,http://www.alliedeg.us/e_documents/Allied_Kwik-Fit_and_Kwik-Fit_Compression_EMT.pdf
"EMT Conduit, 2 in. Trade, 10 ft L, Galvanized Steel, Silver, Integral Compression Coupling",EMT,Galvanized Steel,2.0,10 ft.,2 in.,EMT - Thinwall Conduit,0,10 ft.,0,Silver,2 in.,0,0,148 lb. / 100 ft.,0,Integral Compression Coupling,0,0.0,0.0,0,0.0,0.0,78001095223.0,E-Z PULL,http://www.alliedeg.us/e_documents/Allied_Kwik-Fit_and_Kwik-Fit_Compression_EMT.pdf
"Fire Alarm EMT Conduit, 1/2 in. Trade, 10 ft L, Galvanized Steel, Red, Standard End",EMT,Galvanized Steel,0.5,10 ft.,1/2 in.,EMT - Thinwall Conduit,0,10 ft.,0,Red,1/2 in.,0,0,30 lb. / 100 ft.,0,0,0,0.0,0.0,0,0.0,0.0,78001002011.0,,
"EMT Conduit, 1/2 in. Trade, 10 ft L, Galvanized Steel, Yellow, 30 lb/100 ft",EMT,Galvanized Steel,0.5,10 ft.,1/2 in.,EMT - Thinwall Conduit,0,10 ft.,0,Yellow,1/2 in.,0,0,30 lb. / 100 ft.,0,0,0,0.0,0.0,0,0.0,0.0,78001098993.0,,
"Kwik-Fit    Conduit, EMT-Thinwall, 4 in. Trade",EMT,Galvanized Steel,4.0,10 ft.,4 in.,EMT - Thinwall Conduit,0,10 ft.,0,Silver,4 in.,0,0,431 lb. / 100 ft.,0,Integral Compression Coupling,0,0.0,0.0,0,0.0,0.0,9111115046.0,E-Z PULL,
"Kwik-Fit    Conduit, EMT-Thinwall, 3 in. Trade",EMT,Galvanized Steel,3.0,10 ft.,3 in.,EMT - Thinwall Conduit,0,10 ft.,0,Silver,3 in.,0,0,291 lb. / 100 ft.,0,Integral Compression Coupling,0,0.0,0.0,0,0.0,0.0,9111115044.0,E-Z PULL,
"Fire Alarm EMT Conduit, 3/4 in. Trade, 10 ft L, Galvanized Steel, Red, Standard End",EMT,Galvanized Steel,0.75,10 ft.,3/4 in.,EMT - Thinwall Conduit,0,10 ft.,0,Red,3/4 in.,0,0,46 lb. / 100 ft.,0,0,0,0.0,0.0,0,0.0,0.0,78001098999.0,,
"EMT Conduit, 3/4 in. Trade, 10 ft L, Galvanized Steel, Yellow, 46 lb/100 ft",EMT,Galvanized Steel,0.75,10 ft.,3/4 in.,EMT - Thinwall Conduit,0,10 ft.,0,Yellow,3/4 in.,0,0,46 lb. / 100 ft.,0,0,0,0.0,0.0,0,0.0,0.0,78001094845.0,,
"EMT Conduit, 3/4 in. Trade, 10 ft L, Galvanized Steel, Blue, Standard End, 46 lb/100 ft",EMT,Galvanized Steel,0.75,10 ft.,3/4 in.,EMT - Thinwall Conduit,0,10 ft.,0,Blue,3/4 in.,0,0,46 lb. / 100 ft.,0,0,0,0.0,0.0,0,0.0,0.0,78001095217.0,,
"EMT Conduit, 3/4 in. Trade, 10 ft L, Galvanized Steel, Orange, 46 lb/100 ft",EMT,Galvanized Steel,0.75,10 ft.,3/4 in.,EMT - Thinwall Conduit,0,10 ft.,0,Orange,3/4 in.,0,0,46 lb. / 100 ft.,0,0,0,0.0,0.0,0,0.0,0.0,78001098977.0,,
"EMT Conduit, 3/4 in., 10 ft L, Hot Dip Galvanized Steel",EMT,Galvanized Steel,0.75,10 ft.,3/4 in.,EMT - Conduit,0,10 ft.,0,Silver,3/4 in.,0,0,46 lb. / 100 ft.,0,0,0,0.0,0.0,0,0.0,0.0,9111198938.0,,
"EMT Conduit, 1/2 in. Trade, 10 ft L, Galvanized Steel, Blue, Standard End, 30 lb/100 ft",EMT,Galvanized Steel,0.5,10 ft.,1/2 in.,EMT - Thinwall Conduit,0,10 ft.,0,Blue,1/2 in.,0,0,30 lb. / 100 ft.,0,0,0,0.0,0.0,0,0.0,0.0,78001098998.0,,
"EMT Conduit, 4 in. Trade, 10 ft L, Galvanized Steel, Silver, Integral Compression Coupling",EMT,Galvanized Steel,4.0,10 ft.,4 in.,EMT - Thinwall Conduit,0,10 ft.,0,Silver,4 in.,0,0,393 lb. / 100 ft.,0,Integral Compression Coupling,0,0.0,0.0,0,0.0,0.0,78001095215.0,E-Z PULL,http://www.alliedeg.us/e_documents/Allied_Kwik-Fit_and_Kwik-Fit_Compression_EMT.pdf
"Kwik-Fit    Conduit, EMT-Thinwall, 4 in. Trade",EMT,Galvanized Steel,4.0,10 ft.,4 in.,EMT - Thinwall Conduit,0,10 ft.,0,Silver,4 in.,0,0,393 lb. / 100 ft.,0,Integral Set-Screw Coupling,0,0.0,0.0,0,0.0,0.0,9111103030.0,E-Z PULL,
"EMT Conduit, 1/2 in. Trade, 10 ft L, Galvanized Steel, Orange, 30 lb/100 ft",EMT,Galvanized Steel,0.5,10 ft.,1/2 in.,EMT - Thinwall Conduit,0,10 ft.,0,Orange,1/2 in.,0,0,30 lb. / 100 ft.,0,0,0,0.0,0.0,0,0.0,0.0,78001098992.0,,
"EMT Conduit, 1-1/2 in. Trade, 10 ft L, Galvanized Steel, Silver, Integral Compression Coupling",EMT,Galvanized Steel,1.5,10 ft.,1-1/2 in.,EMT - Thinwall Conduit,0,10 ft.,0,Silver,1-1/2 in.,0,0,116 lb. / 100 ft.,0,Integral Compression Coupling,0,0.0,0.0,0,0.0,0.0,78001095017.0,E-Z PULL,http://www.alliedeg.us/e_documents/Allied_Kwik-Fit_and_Kwik-Fit_Compression_EMT.pdf
"EMT Conduit, 1/2 in. Trade, 10 ft L, Galvanized Steel, White, 30 lb/100 ft",EMT,Galvanized Steel,0.5,10 ft.,1/2 in.,EMT - Thinwall Conduit,0,10 ft.,0,White,1/2 in.,0,0,30 lb. / 100 ft.,0,0,0,0.0,0.0,0,0.0,0.0,78001098968.0,,
"EMT Conduit, 3/4 in. Trade, 10 ft L, Galvanized Steel, Red, Standard End, 46 lb/100 ft",EMT,Galvanized Steel,0.75,10 ft.,3/4 in.,EMT - Thinwall Conduit,0,10 ft.,0,Red,3/4 in.,0,0,46 lb. / 100 ft.,0,0,0,0.0,0.0,0,0.0,0.0,78001098990.0,,
"EMT Conduit, 1 in. Trade, 10 ft L, Galvanized Steel, White, 67 lb/100 ft",EMT,Galvanized Steel,1.0,10 ft.,1 in.,EMT - Thinwall Conduit,0,10 ft.,0,White,1 in.,0,0,67 lb. / 100 ft.,0,0,0,0.0,0.0,0,0.0,0.0,78001098986.0,,
"EMT Conduit, 3/4 in., 10 ft. L, Electroplated Steel",EMT,Galvanized Steel,0.75,10 ft.,3/4 in.,EMT Conduit,0,10 ft.,0,Green,3/4 in.,0,0,0,0,0,0,0.0,0.0,0,0.0,0.0,78001098997.0,,
EMT - Thinwall Conduit 2-1/2 in,EMT,Galvanized Steel,2.5,10 ft.,2-1/2 in.,EMT - Thinwall Conduit,0,10 ft.,0,Silver,2-1/2 in.,0,0,216 lb. / 100 ft.,0,Standard End,0,0.0,0.0,0,0.0,0.0,9111102007.0,E-Z PULL,
Kwik-Fit    EMT - Thinwall Conduit 3-1/2 in,EMT,Galvanized Steel,3.5,10 ft.,3-1/2 in.,EMT - Thinwall Conduit,0,10 ft.,0,Silver,3-1/2 in.,0,0,349 lb. / 100 ft.,0,Integral Set-Screw Coupling,0,0.0,0.0,0,0.0,0.0,9111103029.0,E-Z PULL,
EMT - Thinwall Conduit 3 in,EMT,Galvanized Steel,3.0,10 ft.,3 in.,EMT - Thinwall Conduit,0,10 ft.,0,Silver,3 in.,0,0,263 lb. / 100 ft.,0,Standard End,0,0.0,0.0,0,0.0,0.0,9111102008.0,E-Z PULL,
EMT - Thinwall Conduit 3-1/2 in,EMT,Galvanized Steel,3.5,10 ft.,3-1/2 in.,EMT - Thinwall Conduit,0,10 ft.,0,Silver,3-1/2 in.,0,0,249 lb. / 100 ft.,0,Standard End,0,0.0,0.0,0,0.0,0.0,9111102009.0,E-Z PULL,
Electrunite    EMT - Thinwall Conduit 1/2 in,EMT,Galvanized Steel,0.5,10 ft.,1/2 in.,EMT - Thinwall Conduit,0,10 ft.,0,Silver,1/2 in.,0,0,30 lb. / 100 ft.,0,Standard End,0,0.0,0.0,0,0.0,0.0,40036092000.0,,
EMT - Thinwall Conduit 1-1/2 in,EMT,Galvanized Steel,1.5,10 ft.,1-1/2 in.,EMT - Thinwall Conduit,0,10 ft.,0,Silver,1-1/2 in.,0,0,116 lb. / 100 ft.,0,Standard End,0,0.0,0.0,0,0.0,0.0,9111102005.0,E-Z PULL,
Kwik-Fit    EMT - Thinwall Conduit 3-1/2 in,EMT,Galvanized Steel,3.5,10 ft.,3-1/2 in.,EMT - Thinwall Conduit,0,10 ft.,0,Silver,3-1/2 in.,0,0,383 lb. / 100 ft.,0,Integral Compression Coupling,0,0.0,0.0,0,0.0,0.0,9111115045.0,E-Z PULL,
Electrunite    EMT - Thinwall Conduit 3/4 in,EMT,Galvanized Steel,0.75,10 ft.,3/4 in.,EMT - Thinwall Conduit,0,10 ft.,0,Silver,3/4 in.,0,0,46 lb. / 100 ft.,0,Standard End,0,0.0,0.0,0,0.0,0.0,40036092001.0,,
E-Z PULL® TRUE COLOR™    EMT - Thinwall Conduit 1/2 in,EMT,Galvanized Steel,0.5,10 ft.,1/2 in.,EMT - Thinwall Conduit,0,10 ft.,0,Red,1/2 in.,0,0,30 lb. / 100 ft.,0,Standard End,0,0.0,0.0,0,0.0,0.0,9111101800.0,,
EMT - Thinwall Conduit 2 in,EMT,Galvanized Steel,2.0,10 ft.,2 in.,EMT - Thinwall Conduit,0,10 ft.,0,Silver,2 in.,0,0,148 lb. / 100 ft.,0,Standard End,0,0.0,0.0,0,0.0,0.0,9111102006.0,E-Z PULL,
EMT - Thinwall Conduit 1/2 in,EMT,Galvanized Steel,0.5,10 ft.,1/2 in.,EMT - Thinwall Conduit,0,10 ft.,0,Silver,1/2 in.,0,0,30 lb. / 100 ft.,0,Standard End,0,0.0,0.0,0,0.0,0.0,9111102001.0,E-Z PULL,
EMT - Thinwall Conduit 4 in,EMT,Galvanized Steel,4.0,10 ft.,4 in.,EMT - Thinwall Conduit,0,10 ft.,0,Silver,4 in.,0,0,393 lb. / 100 ft.,0,Standard End,0,0.0,0.0,0,0.0,0.0,9111102010.0,E-Z PULL,
Kwik-Fit    EMT - Thinwall Conduit 2-1/2 in,EMT,Galvanized Steel,2.5,10 ft.,2-1/2 in.,EMT - Thinwall Conduit,0,10 ft.,0,Silver,2-1/2 in.,0,0,216 lb. / 100 ft.,0,Integral Set-Screw Coupling,0,0.0,0.0,0,0.0,0.0,9111103027.0,E-Z PULL,
EMT - Thinwall Conduit 1-1/4 in,EMT,Galvanized Steel,1.25,10 ft.,1-1/4 in.,EMT - Thinwall Conduit,0,10 ft.,0,Silver,1-1/4 in.,0,0,101 lb. / 100 ft.,0,Standard End,0,0.0,0.0,0,0.0,0.0,9111102004.0,E-Z PULL,
Kwik-Fit    EMT - Thinwall Conduit 2-1/2 in,EMT,Galvanized Steel,2.5,10 ft.,2-1/2 in.,EMT - Thinwall Conduit,0,10 ft.,0,Silver,2-1/2 in.,0,0,239 lb. / 100 ft.,0,Integral Compression Coupling,0,0.0,0.0,0,0.0,0.0,9111115043.0,E-Z PULL,
EMT - Thinwall Conduit 1 in,EMT,Galvanized Steel,1.0,10 ft.,1 in.,EMT - Thinwall Conduit,0,10 ft.,0,Silver,1 in.,0,0,67 lb. / 100 ft.,0,Standard End,0,0.0,0.0,0,0.0,0.0,9111102003.0,E-Z PULL,
E-Z PULL® TRUE COLOR™    EMT - Thinwall Conduit 1 in,EMT,Galvanized Steel,1.0,10 ft.,1 in.,EMT - Thinwall Conduit,0,10 ft.,0,Blue,1 in.,0,0,67 lb. / 100 ft.,0,Standard End,0,0.0,0.0,0,0.0,0.0,9111101812.0,,
EMT - Thinwall Conduit 3/4 in,EMT,Galvanized Steel,0.75,10 ft.,3/4 in.,EMT - Thinwall Conduit,0,10 ft.,0,Silver,3/4 in.,0,0,46 lb. / 100 ft.,0,Standard End,0,0.0,0.0,0,0.0,0.0,9111102002.0,E-Z PULL,
"Conduit, Liquidtight Flexible Metallic, 50-ft Length",LFMC,PVC Coated Galvanized Steel,1.5,50 ft.,1-1/2 in.,0,Liquidtight Flexible Metallic,50 ft.,OR,Gray,1-1/2 in.,PVC,Galvanized Steel,0,-23 C to 105 C,0,0,0.0,0.0,1.865 to 1.9 in.,0.0,0.0,71411836851.0,,
"Conduit, Liquidtight Flexible Metallic, -20 to 60 deg C",LFMC,PVC Coated Galvanized Steel,1.0,100 ft.,1 in.,0,Liquidtight Flexible Metallic,100 ft.,EFST,Black,1 in.,PVC,Galvanized Steel,0,-20 C to 60 C,0,No,0.0,0.0,1.29 to 1.315 in.,0.0,0.0,71411836031.0,,
"Conduit, Liquidtight Flexible Metallic, -20 to 60 deg C",LFMC,PVC Coated Galvanized Steel,0.75,100 ft.,3/4 in.,0,Liquidtight Flexible Metallic,100 ft.,MTC,Black,3/4 in.,PVC,Galvanized Steel,0,-20 C to 60 C,0,No,0.0,0.0,1.009 to 1.034 in.,0.0,0.0,71411838322.0,,
"Conduit, Liquidtight Flexible Metallic, -20 to 60 deg C",LFMC,PVC Coated Galvanized Steel,2.0,50 ft.,2 in.,0,Liquidtight Flexible Metallic,50 ft.,EFST,Black,2 in.,PVC,Galvanized Steel,0,-20 C to 60 C,0,No,0.0,0.0,2.34 to 2.375 in.,0.0,0.0,71411836061.0,,
"Conduit, Liquidtight Flexible Metallic, -20 to 60 deg C",LFMC,PVC Coated Galvanized Steel,2.0,100 ft.,2 in.,0,Liquidtight Flexible Metallic,100 ft.,EFST,Black,2 in.,PVC,Galvanized Steel,0,-20 C to 60 C,0,0,0.0,0.0,2.34 to 2.375 in.,0.0,0.0,71411836068.0,,
"Conduit, Liquidtight Flexible Metallic, 3 in. Trade",LFMC,PVC Coated Galvanized Steel,3.0,25 ft.,3 in.,0,Liquidtight Flexible Metallic,25 ft.,EFST,Black,3 in.,PVC,Galvanized Steel,0,-40 C to 80 C,0,0,0.0,0.0,3.46 to 3.5 in.,0.0,0.0,71411834081.0,,
"Conduit, Liquidtight Flexible Metallic, -20 to 60 deg C",LFMC,PVC Coated Galvanized Steel,1.5,50 ft.,1-1/2 in.,0,Liquidtight Flexible Metallic,50 ft.,EFST,Black,1-1/2 in.,PVC,Galvanized Steel,0,-20 C to 60 C,0,No,0.0,0.0,1.865 to 1.9 in.,0.0,0.0,71411836051.0,,
"Conduit, Liquidtight Flexible Metallic",LFMC,PVC Coated Galvanized Steel,2.5,25 ft.,2-1/2 in.,0,Liquidtight Flexible Metallic,25 ft.,EFST,Black,2-1/2 in.,PVC,Galvanized Steel,0,-40 C to 80 C,0,0,0.0,0.0,2.84 to 2.875 in.,0.0,0.0,71411834072.0,,
"Conduit, Liquidtight Flexible Metallic, 100-ft Length",LFMC,PVC Coated Galvanized Steel,2.0,100 ft.,2 in.,0,Liquidtight Flexible Metallic,100 ft.,HCX,Black,2 in.,Thermoplastic Rubber,Galvanized Steel,0,-60 C to 150 C,0,0,0.0,0.0,2.34 to 2.375 in.,0.0,0.0,71411839168.0,,
"Conduit, Liquidtight Flexible Metallic, 25-ft Length",LFMC,PVC Coated Galvanized Steel,4.0,25 ft.,4 in.,0,Liquidtight Flexible Metallic,25 ft.,HTUA,Black,4 in.,PVC,Galvanized Steel,0,"-46 C to 105 C (UL), -46 C to 75 C (CSA)",0,0,0.0,0.0,4.46 to 4.5 in.,0.0,0.0,71411837691.0,,
Liquid-Tuff    Liquidtight Flexible Metallic 1-1/2 inch,LFMC,PVC Coated Galvanized Steel,1.5,50 ft.,1-1/2 in.,0,Liquidtight Flexible Metallic,50 ft.,UA/LA UL/CSA,Gray,1-1/2 in.,PVC,"Steel, Galvanized",0,-30 C to 80 C,0,None,0.0,0.0,1.9 in.,0.0,0.0,7768012022.0,Type LFMC,
Sealtite    Liquidtight Flexible Metallic 3/4 inch,LFMC,PVC Coated Galvanized Steel,0.75,500 ft.,3/4 in.,0,Liquidtight Flexible Metallic,500 ft.,UA/LA UL/CSA,Blue,3/4 in.,PVC,"Steel, Galvanized",0,-20 C to 60 C,0,Copper,0.0,0.0,1.05 in.,0.0,0.0,71411834528.0,Type CW,
Sealtite    Liquidtight Flexible Metallic 1/2 inch,LFMC,PVC Coated Galvanized Steel,0.5,200 ft.,1/2 in.,0,Liquidtight Flexible Metallic,200 ft.,EF,Gray,1/2 in.,PVC,"Steel, Galvanized",0,-10 C to 60 C,0,0,0.0,0.0,0.84 in.,0.0,0.0,71411839411.0,Type EF,
Liquid-Tuff    Liquidtight Flexible Metallic 1 inch,LFMC,PVC Coated Galvanized Steel,1.0,100 ft.,1 in.,0,Liquidtight Flexible Metallic,100 ft.,UA/LA UL/CSA,Gray,1 in.,PVC,"Steel, Galvanized",0,-30 C to 80 C,0,Copper,0.0,0.0,1.315 in.,0.0,0.0,7768012014.0,Type LFMC,
"Liquidtight Flexible Metallic Conduit, 1-1/4 in. Trade, Galvanized Steel, Ground, UA, PVC",LFMC,PVC Coated Galvanized Steel,1.25,50 ft.,1-1/4 in.,0,Liquidtight Flexible Metallic,50 ft.,UA,Black,1-1/4 in.,PVC,Galvanized Steel,0,-40 C to 80 C,0,Ground,0.0,0.0,1.63 to 1.66 in.,0.0,0.0,71411834041.0,,
"Liquidtight Flexible Conduit, 3 in., Ground, LA/LT",LFMC,PVC Coated Galvanized Steel,3.0,25 ft.,3 in.,0,Liquidtight Flexible Conduit,25 ft.,LA/LT,Black,3 in.,PVC,Hot Dip Galvanized Steel,0,-30 to 80 deg C,0,Ground,0.0,0.0,3.46 to 3.5 in.,0.0,0.0,78267398953.0,,https://www.electriflex.com/wp-content/uploads/2016/06/Type-LT-Liquidtight-Steel-Conduit-_-Electri-Flex.pdf
"Sealtite    Liquidtight Flexible Metal Conduit, 1-1/2 in., Galvanized Steel, UL Style, Ground, PVC",LFMC,PVC Coated Galvanized Steel,1.5,150 ft.,1-1/2 in.,0,Liquidtight Flexible Metallic,150 ft.,UA,Black,1-1/2 in.,PVC,Galvanized Steel,0,-40 to 80 deg C,0,Ground,0.0,0.0,1.9 in.,0.0,0.0,71411834054.0,,
"Thomas and Betts®    Liquidtight Flexible Nonmetallic Conduit, 1 in. Trade, 1.302 in. OD x 100-ft Length, PVC",LFNC,PVC,1.0,100 ft.,1 in.,0,Liquidtight Flexible Nonmetallic,100 ft.,Ty-B Conduit,Gray,1 in.,PVC,0,0,-40 C to 75 C,0,None,0.0,0.0,0,0.0,0.0,3448123328.0,Carflex,
"Thomas and Betts®    Liquidtight Flexible Nonmetallic Conduit, 1 in. Trade, 1.302 in. OD x 500-ft Length, PVC",LFNC,PVC,1.0,500 ft.,1 in.,0,Liquidtight Flexible Nonmetallic,500 ft.,Ty-B Conduit,Gray,1 in.,PVC,0,0,-40 C to 75 C,0,None,0.0,0.0,0,0.0,0.0,3448123330.0,Carflex Carflex,
"Liquidtight Flexible Conduit, 2 in., Plated Steel, LT",LFMC,PVC Coated Galvanized Steel,2.0,50 ft.,2 in.,0,Liquidtight Flexible Conduit,50 ft.,LT,Black,2 in.,PVC,Plated Steel,0,-20 to 80 deg C,0,0,0.0,0.0,2.34 to 2.375 in.,0.0,0.0,78267398954.0,,https://www.electriflex.com/wp-content/uploads/2016/06/Type-LT-Liquidtight-Steel-Conduit-_-Electri-Flex.pdf
"Liquidtight Flexible Nonmetallic, Orange, 3/4 in.",LFNC,PVC,0.75,175 ft.,,,,,,,,,,,,,,,,,,,,,
"Ultratite    Flexible Conduit, 1 in., PVC, Ty B NM, PVC, -30 to 80 deg C, 1.315 in. OD, 400-ft L",LFNC,PVC,1.0,400 ft.,,,,,,,,,,,,,,,,,,,,,
"Liquatite    Flexible Conduit, 3/4 in., PVC, NM, -20 to 80 deg C, 500-ft L",LFNC,PVC,0.75,500 ft.,,,,,,,,,,,,,,,,,,,,,
"Thomas and Betts®    Liquidtight Flexible Nonmetallic Conduit, 1 in. Trade, 1.302 in. OD x 100-ft Length, PVC",LFNC,PVC,1.0,100 ft.,,,,,,,,,,,,,,,,,,,,,
Enviro Flex    Liquidtight Flexible Nonmetallic 1 inch,LFNC,PVC,1.0,100 ft.,,,,,,,,,,,,,,,,,,,,,
"Thomas and Betts®    Liquidtight Flexible Nonmetallic, Black, 1-1/2 in.",LFNC,PVC,1.5,150 ft.,,,,,,,,,,,,,,,,,,,,,
"Thomas and Betts®    Liquidtight Flexible Nonmetallic Conduit, 1 in. Trade, 1.302 in. OD x 500-ft Length, PVC",LFNC,PVC,1.0,500 ft.,,,,,,,,,,,,,,,,,,,,,
"Thomas and Betts®    Liquidtight Flexible Nonmetallic, Gray, 3/4 in.",LFNC,PVC,0.75,100 ft.,,,,,,,,,,,,,,,,,,,,,
"Liquidtight Flexible Nonmetallic, Orange, 1 in.",LFNC,PVC,1.0,100 ft.,,,,,,,,,,,,,,,,,,,,,
"Thomas and Betts®    Liquidtight Flexible Nonmetallic Conduit, 1-1/4 in. Trade, 1.645 in. OD x 100-ft Length, PVC",LFNC,PVC,1.25,100 ft.,,,,,,,,,,,,,,,,,,,,,
"Thomas and Betts®    Liquidtight Flexible Nonmetallic Conduit, 1 in. Trade, 1.302 in. OD x 100-ft Length",LFNC,PVC,1.0,100 ft.,,,,,,,,,,,,,,,,,,,,,
"Thomas and Betts®    Flexible Conduit, 1-1/2 in., LFNC-B, PVC",LFNC,PVC,1.5,50 ft.,,,,,,,,,,,,,,,,,,,,,
"Sealtite    Liquidtight Flexible Nonmetallic, Orange, 3/4 in.",LFNC,PVC,0.75,400 ft.,,,,,,,,,,,,,,,,,,,,,
"Thomas and Betts®    Liquidtight Flexible Nonmetallic, Gray, 1/2 in.",LFNC,PVC,0.5,1000 ft.,,,,,,,,,,,,,,,,,,,,,
"Thomas and Betts®    Liquidtight Flexible Nonmetallic, Gray, 3/4 in.",LFNC,PVC,0.75,500 ft.,,,,,,,,,,,,,,,,,,,,,
"PolyTuff®    Liquidtight Flexible Nonmetallic Conduit, 2 in. Trade, PVC, Flex Tubing, PVC, -18 C to 60 C",LFNC,PVC,2.0,50 ft.,,,,,,,,,,,,,,,,,,,,,
"Thomas and Betts®    Liquidtight Flexible Nonmetallic, Gray, 1/2 in.",LFNC,PVC,0.5,100 ft.,,,,,,,,,,,,,,,,,,,,,
"PolyTuff®    Liquidtight Flexible Nonmetallic, Black, 1 in.",LFNC,PVC,1.0,100 ft.,,,,,,,,,,,,,,,,,,,,,
"PolyTuff®    Liquidtight Flexible Nonmetallic, Black, 1-1/2 in.",LFNC,PVC,1.5,50 ft.,,,,,,,,,,,,,,,,,,,,,
PolyTuff®    Liquidtight Flexible Nonmetallic 1 inch,LFNC,PVC,1.0,100 ft.,,,,,,,,,,,,,,,,,,,,,
"Heyco-Flex™    Liquidtight Flexible Nonmetallic, Black, 1 in.",LFNC,PVC,1.0,100 ft.,,,,,,,,,,,,,,,,,,,,,
"Conduit, Nonmetallic; Flexible; 1-1/4 in. Trade; 1.66 in. OD; 50 ft Length",LFNC,PVC,1.25,50 ft.,,,,,,,,,,,,,,,,,,,,,
Enviro Flex    Liquidtight Flexible Nonmetallic 1-1/4 inch,LFNC,PVC,1.25,50 ft.,,,,,,,,,,,,,,,,,,,,,
"Sealtite    Liquidtight Flexible Nonmetallic, Orange, 1-1/2 in.",LFNC,PVC,1.5,50 ft.,,,,,,,,,,,,,,,,,,,,,
"Thomas and Betts®    Liquidtight Flexible Nonmetallic Conduit, 1-1/4 in. Trade, 1.645 in. OD x 200-ft Length, PVC",LFNC,PVC,1.25,200 ft.,,,,,,,,,,,,,,,,,,,,,
"Sealtite    Liquidtight Flexible Nonmetallic, Gray, 1/2 in.",LFNC,PVC,0.5,1000 ft.,,,,,,,,,,,,,,,,,,,,,
"Sealtite    Liquidtight Flexible Nonmetallic, Orange, 3/4 in.",LFNC,PVC,0.75,175 ft.,,,,,,,,,,,,,,,,,,,,,
